{
    "LogisticRegression": {
        "model_name": "LogisticRegression",
        "accuracy": 0.6961805555555556,
        "precision": 0.6934931506849316,
        "recall": 0.703125,
        "f1_score": 0.6982758620689655,
        "roc_auc": 0.7666678722993828
    },
    "KNeighborsClassifier": {
        "model_name": "KNeighborsClassifier",
        "accuracy": 0.8585069444444444,
        "precision": 0.7971223021582734,
        "recall": 0.9618055555555556,
        "f1_score": 0.8717545239968528,
        "roc_auc": 0.8585069444444445
    },
    "DecisionTreeClassifier": {
        "model_name": "DecisionTreeClassifier",
        "accuracy": 0.7899305555555556,
        "precision": 0.7830508474576271,
        "recall": 0.8020833333333334,
        "f1_score": 0.7924528301886793,
        "roc_auc": 0.7899305555555556
    },
    "RandomForestClassifier": {
        "model_name": "RandomForestClassifier",
        "accuracy": 0.9192708333333334,
        "precision": 0.933572710951526,
        "recall": 0.9027777777777778,
        "f1_score": 0.9179170344218888,
        "roc_auc": 0.9745174455054012
    },
    "SVC": {
        "model_name": "SVC",
        "accuracy": 0.7925347222222222,
        "precision": 0.7713365539452496,
        "recall": 0.8315972222222222,
        "f1_score": 0.8003341687552213,
        "roc_auc": 0.8769501109182098
    }
}